"zip","population","city","county"
"11368",112750,"Corona","Queens County"
"11208",108180,"Brooklyn","Kings County"
"11385",105521,"Ridgewood","Queens County"
"11373",102618,"Elmhurst","Queens County"
"11226",101053,"Brooklyn","Kings County"
"11236",100082,"Brooklyn","Kings County"
"10467",98713,"Bronx","Bronx County"
"10025",96988,"New York","New York County"
"11207",96801,"Brooklyn","Kings County"
"10314",94355,"Staten Island","Richmond County"
"11220",93008,"Brooklyn","Kings County"
"11219",92283,"Brooklyn","Kings County"
"11221",91236,"Brooklyn","Kings County"
"11214",90796,"Brooklyn","Kings County"
"11230",90245,"Brooklyn","Kings County"
"11234",89976,"Brooklyn","Kings County"
"11206",89949,"Brooklyn","Kings County"
"10456",88575,"Bronx","Bronx County"
"11377",86977,"Woodside","Queens County"
"11212",84006,"Brooklyn","Kings County"
"11233",83125,"Brooklyn","Kings County"
"11235",83069,"Brooklyn","Kings County"
"10458",82678,"Bronx","Bronx County"
"10468",81397,"Bronx","Bronx County"
"11229",81109,"Brooklyn","Kings County"
"11204",80575,"Brooklyn","Kings County"
"10453",80385,"Bronx","Bronx County"
"11223",80113,"Brooklyn","Kings County"
"10457",79817,"Bronx","Bronx County"
"11355",79495,"Flushing","Queens County"
"10452",78624,"Bronx","Bronx County"
"11203",78506,"Brooklyn","Kings County"
"10462",77230,"Bronx","Bronx County"
"10002",76518,"New York","New York County"
"10029",75614,"New York","New York County"
"11375",75212,"Forest Hills","Queens County"
"11218",73318,"Brooklyn","Kings County"
"10466",72273,"Bronx","Bronx County"
"11215",72014,"Brooklyn","Kings County"
"10469",71862,"Bronx","Bronx County"
"11209",71812,"Brooklyn","Kings County"
"10977",70555,"Spring Valley","Rockland County"
"11691",70365,"Far Rockaway","Queens County"
"10463",70296,"Bronx","Bronx County"
"11201",69755,"Brooklyn","Kings County"
"11213",69131,"Brooklyn","Kings County"
"11434",68182,"Jamaica","Queens County"
"10701",68032,"Yonkers","Westchester County"
"11746",67663,"Huntington Station","Suffolk County"
"11372",67001,"Jackson Heights","Queens County"
"10027",65806,"New York","New York County"
"14850",65740,"Ithaca","Tompkins County"
"10023",65706,"New York","New York County"
"11211",65511,"Brooklyn","Kings County"
"11706",65437,"Bay Shore","Suffolk County"
"10472",65283,"Bronx","Bronx County"
"11717",64969,"Brentwood","Suffolk County"
"11432",64268,"Jamaica","Queens County"
"10312",63473,"Staten Island","Richmond County"
"11210",63426,"Brooklyn","Kings County"
"10950",63011,"Monroe","Orange County"
"10024",62774,"New York","New York County"
"11216",62373,"Brooklyn","Kings County"
"10031",61044,"New York","New York County"
"11550",60668,"Hempstead","Nassau County"
"10032",60480,"New York","New York County"
"10473",60087,"Bronx","Bronx County"
"11435",59961,"Jamaica","Queens County"
"10460",59852,"Bronx","Bronx County"
"10033",58711,"New York","New York County"
"11225",58476,"Brooklyn","Kings County"
"10009",58418,"New York","New York County"
"11238",58047,"Brooklyn","Kings County"
"10128",56695,"New York","New York County"
"10306",56232,"Staten Island","Richmond County"
"12550",55404,"Newburgh","Orange County"
"14221",55228,"Buffalo","Erie County"
"14580",54520,"Webster","Monroe County"
"10016",54369,"New York","New York County"
"11758",54201,"Massapequa","Nassau County"
"10003",53877,"New York","New York County"
"12180",53807,"Troy","Rensselaer County"
"11354",53371,"Flushing","Queens County"
"10459",51964,"Bronx","Bronx County"
"10940",51853,"Middletown","Orange County"
"10451",51311,"Bronx","Bronx County"
"11420",51153,"South Ozone Park","Queens County"
"10461",50868,"Bronx","Bronx County"
"10011",50772,"New York","New York County"
"11205",50319,"Brooklyn","Kings County"
"14094",50302,"Lockport","Niagara County"
"11419",48096,"South Richmond Hill","Queens County"
"11590",47951,"Westbury","Nassau County"
"11224",47893,"Brooklyn","Kings County"
"11003",47515,"Elmont","Nassau County"
"10952",47509,"Monsey","Rockland County"
"11374",47230,"Rego Park","Queens County"
"11237",47183,"Brooklyn","Kings County"
"11365",46424,"Fresh Meadows","Queens County"
"10465",46311,"Bronx","Bronx County"
"10028",45717,"New York","New York County"
"11772",45345,"Patchogue","Suffolk County"
"11249",45087,"Brooklyn","Kings County"
"11757",45082,"Lindenhurst","Suffolk County"
"11520",44876,"Freeport","Nassau County"
"10304",44864,"Staten Island","Richmond County"
"11413",44832,"Springfield Gardens","Queens County"
"14075",44610,"Hamburg","Erie County"
"12065",44563,"Clifton Park","Saratoga County"
"14120",44414,"North Tonawanda","Niagara County"
"10455",44380,"Bronx","Bronx County"
"11228",44196,"Brooklyn","Kings County"
"10040",43653,"New York","New York County"
"12601",43623,"Poughkeepsie","Dutchess County"
"10475",43517,"Bronx","Bronx County"
"11580",43396,"Valley Stream","Nassau County"
"11367",43286,"Flushing","Queens County"
"13760",43240,"Endicott","Broome County"
"14450",43082,"Fairport","Monroe County"
"11217",43045,"Brooklyn","Kings County"
"11357",42792,"Whitestone","Queens County"
"10019",42766,"New York","New York County"
"11756",42459,"Levittown","Nassau County"
"14215",42368,"Buffalo","Erie County"
"12603",42215,"Poughkeepsie","Dutchess County"
"10305",42211,"Staten Island","Richmond County"
"11040",42140,"New Hyde Park","Nassau County"
"11801",41967,"Hicksville","Nassau County"
"10801",41724,"New Rochelle","Westchester County"
"10034",41570,"New York","New York County"
"11421",41552,"Woodhaven","Queens County"
"14150",41456,"Tonawanda","Erie County"
"11743",41423,"Huntington","Suffolk County"
"13440",41198,"Rome","Oneida County"
"10573",41139,"Port Chester","Westchester County"
"14609",41134,"Rochester","Monroe County"
"10583",41107,"Scarsdale","Westchester County"
"10454",41073,"Bronx","Bronx County"
"14224",40745,"Buffalo","Erie County"
"10021",40642,"New York","New York County"
"11412",40593,"Saint Albans","Queens County"
"10301",40331,"Staten Island","Richmond County"
"11106",40198,"Astoria","Queens County"
"13501",40152,"Utica","Oneida County"
"11222",40137,"Brooklyn","Kings County"
"10550",40073,"Mount Vernon","Westchester County"
"11704",39753,"West Babylon","Suffolk County"
"14701",39481,"Jamestown","Chautauqua County"
"11378",39250,"Maspeth","Queens County"
"14624",39028,"Rochester","Monroe County"
"11433",38865,"Jamaica","Queens County"
"10705",38861,"Yonkers","Westchester County"
"11231",38829,"Brooklyn","Kings County"
"12866",38813,"Saratoga Springs","Saratoga County"
"11105",38756,"Astoria","Queens County"
"11561",38755,"Long Beach","Nassau County"
"11779",38654,"Ronkonkoma","Suffolk County"
"10035",38595,"New York","New York County"
"13601",38332,"Watertown","Jefferson County"
"11418",38317,"Richmond Hill","Queens County"
"10026",38265,"New York","New York County"
"11379",38261,"Middle Village","Queens County"
"11364",38124,"Oakland Gardens","Queens County"
"11358",37647,"Flushing","Queens County"
"13021",37640,"Auburn","Cayuga County"
"11722",37032,"Central Islip","Suffolk County"
"11554",36856,"East Meadow","Nassau County"
"12590",36816,"Wappingers Falls","Dutchess County"
"13126",36278,"Oswego","Oswego County"
"13027",35432,"Baldwinsville","Onondaga County"
"14612",35265,"Rochester","Monroe County"
"12401",35138,"Kingston","Ulster County"
"14086",35121,"Lancaster","Erie County"
"11510",35070,"Baldwin","Nassau County"
"11710",34950,"Bellmore","Nassau County"
"11103",34752,"Astoria","Queens County"
"10309",34740,"Staten Island","Richmond County"
"12020",34571,"Ballston Spa","Saratoga County"
"11787",34408,"Smithtown","Suffolk County"
"11101",34279,"Long Island City","Queens County"
"14225",34063,"Buffalo","Erie County"
"11566",33976,"Merrick","Nassau County"
"13502",33962,"Utica","Oneida County"
"14534",33914,"Pittsford","Monroe County"
"10022",33586,"New York","New York County"
"10562",33538,"Ossining","Westchester County"
"12309",33332,"Schenectady","Schenectady County"
"14621",32976,"Rochester","Monroe County"
"11735",32716,"Farmingdale","Suffolk County"
"10704",32438,"Yonkers","Westchester County"
"12901",32431,"Plattsburgh","Clinton County"
"10010",32410,"New York","New York County"
"11901",32330,"Riverhead","Suffolk County"
"11422",32296,"Rosedale","Queens County"
"11369",32177,"East Elmhurst","Queens County"
"11050",31920,"Port Washington","Nassau County"
"10030",31268,"New York","New York County"
"11417",31200,"Ozone Park","Queens County"
"10036",30930,"New York","New York County"
"11793",30865,"Wantagh","Nassau County"
"10065",30859,"New York","New York County"
"10956",30738,"New City","Rockland County"
"11731",30714,"East Northport","Suffolk County"
"14127",30652,"Orchard Park","Erie County"
"12203",30545,"Albany","Albany County"
"11414",30374,"Howard Beach","Queens County"
"11803",30298,"Plainview","Nassau County"
"10308",30075,"Staten Island","Richmond County"
"11727",30058,"Coram","Suffolk County"
"11572",29961,"Oceanside","Nassau County"
"11423",29921,"Hollis","Queens County"
"10039",29887,"New York","New York County"
"11763",29765,"Medford","Suffolk County"
"12303",29680,"Schenectady","Albany County"
"11361",29544,"Bayside","Queens County"
"10014",29461,"New York","New York County"
"10013",29453,"New York","New York County"
"13090",29344,"Liverpool","Onondaga County"
"14226",29273,"Buffalo","Erie County"
"11720",29193,"Centereach","Suffolk County"
"14626",29138,"Rochester","Monroe County"
"11542",29095,"Glen Cove","Nassau County"
"10598",29066,"Yorktown Heights","Westchester County"
"11725",28735,"Commack","Suffolk County"
"14304",28582,"Niagara Falls","Niagara County"
"14424",28582,"Canandaigua","Ontario County"
"11570",28262,"Rockville Centre","Nassau County"
"11530",28207,"Garden City","Nassau County"
"11370",28164,"East Elmhurst","Queens County"
"13045",28157,"Cortland","Cortland County"
"11232",28137,"Brooklyn","Kings County"
"12302",27915,"Schenectady","Schenectady County"
"11553",27886,"Uniondale","Nassau County"
"11701",27874,"Amityville","Suffolk County"
"11429",27845,"Queens Village","Queens County"
"12804",27805,"Queensbury","Warren County"
"11416",27794,"Ozone Park","Queens County"
"14606",27736,"Rochester","Monroe County"
"12306",27735,"Schenectady","Schenectady County"
"13905",27673,"Binghamton","Broome County"
"11356",27632,"College Point","Queens County"
"11741",27632,"Holbrook","Suffolk County"
"10954",27587,"Nanuet","Rockland County"
"12553",27409,"New Windsor","Orange County"
"14616",27250,"Rochester","Monroe County"
"12010",27213,"Amsterdam","Montgomery County"
"10303",27083,"Staten Island","Richmond County"
"11102",27069,"Astoria","Queens County"
"10001",27004,"New York","New York County"
"11104",26939,"Sunnyside","Queens County"
"11967",26860,"Shirley","Suffolk County"
"11729",26608,"Deer Park","Suffolk County"
"12205",26436,"Albany","Albany County"
"12533",26249,"Hopewell Junction","Dutchess County"
"10310",26239,"Staten Island","Richmond County"
"11001",26138,"Floral Park","Nassau County"
"10541",26116,"Mahopac","Putnam County"
"10710",26099,"Yonkers","Westchester County"
"11552",26043,"West Hempstead","Nassau County"
"14623",25958,"Rochester","Monroe County"
"11010",25751,"Franklin Square","Nassau County"
"14207",25699,"Buffalo","Erie County"
"11795",25650,"West Islip","Suffolk County"
"11791",25631,"Syosset","Nassau County"
"10901",25498,"Suffern","Rockland County"
"11784",25425,"Selden","Suffolk County"
"10566",25401,"Peekskill","Westchester County"
"11427",25187,"Queens Village","Queens County"
"14228",25038,"Buffalo","Erie County"
"14043",24936,"Depew","Erie County"
"11692",24584,"Arverne","Queens County"
"14620",24292,"Rochester","Monroe County"
"10512",24256,"Carmel","Putnam County"
"14211",24143,"Buffalo","Erie County"
"11776",24119,"Port Jefferson Station","Suffolk County"
"14216",24009,"Buffalo","Erie County"
"14213",23980,"Buffalo","Erie County"
"14220",23926,"Buffalo","Erie County"
"10075",23920,"New York","New York County"
"10591",23912,"Tarrytown","Westchester County"
"14618",23783,"Rochester","Monroe County"
"10703",23565,"Yonkers","Westchester County"
"13850",23544,"Vestal","Broome County"
"13069",23378,"Fulton","Oswego County"
"10038",23343,"New York","New York County"
"12047",23293,"Cohoes","Albany County"
"12078",23144,"Gloversville","Fulton County"
"12208",23128,"Albany","Albany County"
"13208",23094,"Syracuse","Onondaga County"
"14217",22921,"Buffalo","Erie County"
"10471",22888,"Bronx","Bronx County"
"11581",22770,"Valley Stream","Nassau County"
"10708",22595,"Bronxville","Westchester County"
"13820",22500,"Oneonta","Otsego County"
"14223",22482,"Buffalo","Erie County"
"11714",22444,"Bethpage","Nassau County"
"14020",22442,"Batavia","Genesee County"
"11762",22440,"Massapequa Park","Nassau County"
"14214",22113,"Buffalo","Erie County"
"10552",22099,"Mount Vernon","Westchester County"
"11726",22059,"Copiague","Suffolk County"
"11563",22055,"Lynbrook","Nassau County"
"14617",21990,"Rochester","Monroe County"
"11783",21916,"Seaford","Nassau County"
"13088",21914,"Liverpool","Onondaga County"
"12304",21901,"Schenectady","Schenectady County"
"12144",21808,"Rensselaer","Rensselaer County"
"11694",21788,"Rockaway Park","Queens County"
"14206",21726,"Buffalo","Erie County"
"11501",21434,"Mineola","Nassau County"
"14072",21416,"Grand Island","Erie County"
"11436",21349,"Jamaica","Queens County"
"11768",21333,"Northport","Suffolk County"
"11411",21329,"Cambria Heights","Queens County"
"14227",21329,"Buffalo","Erie County"
"10543",21281,"Mamaroneck","Westchester County"
"10012",21216,"New York","New York County"
"11937",21040,"East Hampton","Suffolk County"
"14218",20936,"Buffalo","Erie County"
"14845",20756,"Horseheads","Chemung County"
"10805",20736,"New Rochelle","Westchester County"
"13212",20638,"Syracuse","Onondaga County"
"10990",20527,"Warwick","Orange County"
"11415",20315,"Kew Gardens","Queens County"
"11738",20077,"Farmingville","Suffolk County"
"10567",20069,"Cortlandt Manor","Westchester County"
"13901",19979,"Binghamton","Broome County"
"14420",19945,"Brockport","Monroe County"
"10509",19832,"Brewster","Putnam County"
"10605",19800,"White Plains","Westchester County"
"14456",19796,"Geneva","Ontario County"
"14051",19747,"East Amherst","Erie County"
"12110",19744,"Latham","Albany County"
"14526",19738,"Penfield","Monroe County"
"11426",19733,"Bellerose","Queens County"
"11360",19719,"Bayside","Queens County"
"11021",19623,"Great Neck","Nassau County"
"11747",19605,"Melville","Suffolk County"
"12589",19584,"Wallkill","Ulster County"
"11428",19554,"Queens Village","Queens County"
"13204",19550,"Syracuse","Onondaga County"
"11790",19282,"Stony Brook","Suffolk County"
"10603",19239,"White Plains","Westchester County"
"12508",19152,"Beacon","Dutchess County"
"13210",19144,"Syracuse","Onondaga County"
"10037",19138,"New York","New York County"
"14830",19127,"Corning","Steuben County"
"11575",19102,"Roosevelt","Nassau County"
"14468",18866,"Hilton","Monroe County"
"13790",18584,"Johnson City","Broome County"
"10302",18567,"Staten Island","Richmond County"
"12477",18557,"Saugerties","Ulster County"
"13903",18483,"Binghamton","Broome County"
"12189",18461,"Watervliet","Albany County"
"11754",18431,"Kings Park","Suffolk County"
"11362",18426,"Little Neck","Queens County"
"14615",18393,"Rochester","Monroe County"
"14559",18375,"Spencerport","Monroe County"
"11798",18355,"Wyandanch","Suffolk County"
"12831",18318,"Gansevoort","Saratoga County"
"12561",18136,"New Paltz","Ulster County"
"10580",18077,"Rye","Westchester County"
"13205",18069,"Syracuse","Onondaga County"
"12534",17792,"Hudson","Columbia County"
"14611",17753,"Rochester","Monroe County"
"14052",17694,"East Aurora","Erie County"
"14760",17675,"Olean","Cattaraugus County"
"10538",17605,"Larchmont","Westchester County"
"11946",17517,"Hampton Bays","Suffolk County"
"11703",17414,"North Babylon","Suffolk County"
"14607",17319,"Rochester","Monroe County"
"11733",17304,"East Setauket","Suffolk County"
"11030",17168,"Manhasset","Nassau County"
"13039",17033,"Cicero","Onondaga County"
"11788",17017,"Hauppauge","Suffolk County"
"12054",16995,"Delmar","Albany County"
"13203",16884,"Syracuse","Onondaga County"
"11239",16808,"Brooklyn","Kings County"
"13104",16753,"Manlius","Onondaga County"
"13206",16713,"Syracuse","Onondaga County"
"14305",16605,"Niagara Falls","Niagara County"
"12118",16557,"Mechanicville","Saratoga County"
"10606",16429,"White Plains","Westchester County"
"11950",16379,"Mastic","Suffolk County"
"13413",16282,"New Hartford","Oneida County"
"13662",16117,"Massena","St. Lawrence County"
"13669",16044,"Ogdensburg","St. Lawrence County"
"14564",16006,"Victor","Ontario County"
"10549",15800,"Mount Kisco","Westchester County"
"14222",15744,"Buffalo","Erie County"
"13031",15741,"Camillus","Onondaga County"
"11004",15702,"Glen Oaks","Queens County"
"10965",15666,"Pearl River","Rockland County"
"11780",15617,"Saint James","Suffolk County"
"12524",15609,"Fishkill","Dutchess County"
"13219",15557,"Syracuse","Onondaga County"
"10470",15390,"Bronx","Bronx County"
"14210",15382,"Buffalo","Erie County"
"12019",15280,"Ballston Lake","Saratoga County"
"14613",15132,"Rochester","Monroe County"
"11782",15113,"Sayville","Suffolk County"
"10804",15036,"New Rochelle","Westchester County"
"11951",14969,"Mastic Beach","Suffolk County"
"14901",14906,"Elmira","Chemung County"
"14048",14859,"Dunkirk","Chautauqua County"
"12206",14793,"Albany","Albany County"
"12182",14790,"Troy","Rensselaer County"
"10307",14755,"Staten Island","Richmond County"
"12801",14754,"Glens Falls","Warren County"
"11598",14531,"Woodmere","Nassau County"
"10941",14502,"Middletown","Orange County"
"11767",14493,"Nesconset","Suffolk County"
"10017",14486,"New York","New York County"
"12771",14454,"Port Jervis","Orange County"
"12308",14367,"Schenectady","Schenectady County"
"13057",14329,"East Syracuse","Onondaga County"
"13215",14317,"Syracuse","Onondaga County"
"14904",14285,"Elmira","Chemung County"
"10960",14222,"Nyack","Rockland County"
"13676",14179,"Potsdam","St. Lawrence County"
"11730",14168,"East Islip","Suffolk County"
"10530",14090,"Hartsdale","Westchester County"
"14619",14073,"Rochester","Monroe County"
"12538",14066,"Hyde Park","Dutchess County"
"13603",14050,"Watertown","Jefferson County"
"11702",14044,"Babylon","Suffolk County"
"14610",14033,"Rochester","Monroe County"
"10924",13965,"Goshen","Orange County"
"14513",13835,"Newark","Wayne County"
"12839",13764,"Hudson Falls","Washington County"
"10980",13702,"Stony Point","Rockland County"
"11953",13701,"Middle Island","Suffolk County"
"11366",13659,"Fresh Meadows","Queens County"
"11968",13623,"Southampton","Suffolk County"
"11693",13558,"Far Rockaway","Queens County"
"11751",13501,"Islip","Suffolk County"
"11742",13448,"Holtsville","Suffolk County"
"12528",13358,"Highland","Ulster County"
"10528",13352,"Harrison","Westchester County"
"12953",13323,"Malone","Franklin County"
"14212",13295,"Buffalo","Erie County"
"10803",13283,"Pelham","Westchester County"
"12211",13254,"Albany","Albany County"
"14425",13201,"Farmington","Ontario County"
"11949",13194,"Manorville","Suffolk County"
"13209",13171,"Syracuse","Onondaga County"
"10570",13168,"Pleasantville","Westchester County"
"11961",13126,"Ridge","Suffolk County"
"14063",13123,"Fredonia","Chautauqua County"
"11753",13087,"Jericho","Nassau County"
"13815",12925,"Norwich","Chenango County"
"13032",12902,"Canastota","Madison County"
"14527",12870,"Penn Yan","Yates County"
"10514",12867,"Chappaqua","Westchester County"
"13421",12857,"Oneida","Madison County"
"12586",12802,"Walden","Orange County"
"13207",12784,"Syracuse","Onondaga County"
"14622",12770,"Rochester","Monroe County"
"13066",12752,"Fayetteville","Onondaga County"
"14586",12720,"West Henrietta","Monroe County"
"11764",12711,"Miller Place","Suffolk County"
"10520",12662,"Croton On Hudson","Westchester County"
"14201",12623,"Buffalo","Erie County"
"14411",12608,"Albion","Orleans County"
"12095",12586,"Johnstown","Fulton County"
"11576",12506,"Roslyn","Nassau County"
"11778",12496,"Rocky Point","Suffolk County"
"14519",12480,"Ontario","Wayne County"
"14608",12470,"Rochester","Monroe County"
"12701",12448,"Monticello","Sullivan County"
"14843",12418,"Hornell","Steuben County"
"12566",12407,"Pine Bush","Ulster County"
"11577",12399,"Roslyn Heights","Nassau County"
"10927",12286,"Haverstraw","Rockland County"
"11755",12227,"Lake Grove","Suffolk County"
"10918",12152,"Chester","Orange County"
"14301",12151,"Niagara Falls","Niagara County"
"13617",12124,"Canton","St. Lawrence County"
"11545",12068,"Glen Head","Nassau County"
"13041",11902,"Clay","Onondaga County"
"10044",11846,"New York","New York County"
"14208",11820,"Buffalo","Erie County"
"10604",11799,"West Harrison","Westchester County"
"13827",11770,"Owego","Tioga County"
"14004",11658,"Alden","Erie County"
"12188",11615,"Waterford","Saratoga County"
"10970",11571,"Pomona","Rockland County"
"10522",11508,"Dobbs Ferry","Westchester County"
"14810",11484,"Bath","Steuben County"
"11766",11476,"Mount Sinai","Suffolk County"
"13492",11395,"Whitesboro","Oneida County"
"14605",11348,"Rochester","Monroe County"
"10474",11280,"Bronx","Bronx County"
"10601",11193,"White Plains","Westchester County"
"13323",11151,"Clinton","Oneida County"
"14454",11058,"Geneseo","Livingston County"
"11740",11010,"Greenlawn","Suffolk County"
"13078",10867,"Jamesville","Onondaga County"
"13148",10854,"Seneca Falls","Seneca County"
"14219",10854,"Buffalo","Erie County"
"10536",10797,"Katonah","Westchester County"
"14103",10783,"Medina","Orleans County"
"12549",10635,"Montgomery","Orange County"
"13619",10625,"Carthage","Jefferson County"
"14032",10572,"Clarence Center","Erie County"
"10553",10526,"Mount Vernon","Westchester County"
"14092",10522,"Lewiston","Niagara County"
"11596",10520,"Williston Park","Nassau County"
"14625",10445,"Rochester","Monroe County"
"10510",10435,"Briarcliff Manor","Westchester County"
"12209",10427,"Albany","Albany County"
"14467",10381,"Henrietta","Monroe County"
"10930",10326,"Highland Mills","Orange County"
"13357",10301,"Ilion","Herkimer County"
"11518",10294,"East Rockaway","Nassau County"
"10992",10284,"Washingtonville","Orange County"
"10707",10209,"Tuckahoe","Westchester County"
"12061",10179,"East Greenbush","Rensselaer County"
"14502",10135,"Macedon","Wayne County"
"10709",10085,"Eastchester","Westchester County"
"11716",10074,"Bohemia","Suffolk County"
"11771",10068,"Oyster Bay","Nassau County"
"12414",10065,"Catskill","Greene County"
"14870",9970,"Painted Post","Steuben County"
"12210",9873,"Albany","Albany County"
"12202",9700,"Albany","Albany County"
"11023",9699,"Great Neck","Nassau County"
"13350",9695,"Herkimer","Herkimer County"
"14031",9685,"Clarence","Erie County"
"13037",9669,"Chittenango","Madison County"
"14059",9629,"Elma","Erie County"
"12569",9603,"Pleasant Valley","Dutchess County"
"12828",9590,"Fort Edward","Washington County"
"14522",9575,"Palmyra","Wayne County"
"11096",9567,"Inwood","Nassau County"
"13165",9511,"Waterloo","Seneca County"
"13904",9499,"Binghamton","Broome County"
"14006",9402,"Angola","Erie County"
"10523",9389,"Elmsford","Westchester County"
"12540",9297,"Lagrangeville","Dutchess County"
"12572",9287,"Rhinebeck","Dutchess County"
"11777",9257,"Port Jefferson","Suffolk County"
"13642",9237,"Gouverneur","St. Lawrence County"
"12571",9235,"Red Hook","Dutchess County"
"11797",9203,"Woodbury","Nassau County"
"14001",9199,"Akron","Erie County"
"14437",9168,"Dansville","Livingston County"
"14895",9168,"Wellsville","Allegany County"
"11752",9164,"Islip Terrace","Suffolk County"
"14472",9139,"Honeoye Falls","Monroe County"
"11024",9105,"Great Neck","Nassau County"
"11769",9081,"Oakdale","Suffolk County"
"10706",9068,"Hastings On Hudson","Westchester County"
"13036",9020,"Central Square","Oswego County"
"11565",9013,"Malverne","Nassau County"
"11713",8905,"Bellport","Suffolk County"
"13214",8899,"Syracuse","Onondaga County"
"13224",8881,"Syracuse","Onondaga County"
"14905",8852,"Elmira","Chemung County"
"10280",8843,"New York","New York County"
"12803",8828,"South Glens Falls","Saratoga County"
"10005",8801,"New York","New York County"
"11559",8732,"Lawrence","Nassau County"
"12204",8728,"Albany","Albany County"
"13367",8682,"Lowville","Lewis County"
"14209",8677,"Buffalo","Erie County"
"12159",8663,"Slingerlands","Albany County"
"11558",8660,"Island Park","Nassau County"
"10018",8659,"New York","New York County"
"10989",8651,"Valley Cottage","Rockland County"
"10920",8605,"Congers","Rockland County"
"11792",8595,"Wading River","Suffolk County"
"13035",8476,"Cazenovia","Madison County"
"11516",8450,"Cedarhurst","Nassau County"
"13365",8449,"Little Falls","Herkimer County"
"11963",8445,"Sag Harbor","Suffolk County"
"10923",8419,"Garnerville","Rockland County"
"11705",8409,"Bayport","Suffolk County"
"14482",8393,"Le Roy","Genesee County"
"13244",8384,"Syracuse","Onondaga County"
"12009",8322,"Altamont","Albany County"
"14085",8298,"Lake View","Erie County"
"11557",8290,"Hewlett","Nassau County"
"10579",8171,"Putnam Valley","Putnam County"
"10504",8047,"Armonk","Westchester County"
"14068",7990,"Getzville","Erie County"
"13029",7878,"Brewerton","Onondaga County"
"12721",7872,"Bloomingburg","Sullivan County"
"12307",7863,"Schenectady","Schenectady County"
"14589",7838,"Williamson","Wayne County"
"12754",7800,"Liberty","Sullivan County"
"11934",7778,"Center Moriches","Suffolk County"
"12043",7719,"Cobleskill","Schoharie County"
"14011",7711,"Attica","Wyoming County"
"12564",7700,"Pawling","Dutchess County"
"13152",7700,"Skaneateles","Onondaga County"
"12563",7691,"Patterson","Putnam County"
"14445",7689,"East Rochester","Monroe County"
"14057",7688,"Eden","Erie County"
"14204",7666,"Buffalo","Erie County"
"10547",7665,"Mohegan Lake","Westchester County"
"14470",7654,"Holley","Orleans County"
"12033",7640,"Castleton On Hudson","Rensselaer County"
"13732",7607,"Apalachin","Tioga County"
"14892",7552,"Waverly","Tioga County"
"10007",7506,"New York","New York County"
"14141",7492,"Springville","Erie County"
"13340",7479,"Frankfort","Herkimer County"
"11789",7434,"Sound Beach","Suffolk County"
"10590",7407,"South Salem","Westchester County"
"13114",7397,"Mexico","Oswego County"
"10533",7388,"Irvington","Westchester County"
"11363",7365,"Little Neck","Queens County"
"12983",7336,"Saranac Lake","Franklin County"
"13202",7331,"Syracuse","Onondaga County"
"12018",7300,"Averill Park","Rensselaer County"
"14428",7297,"Churchville","Monroe County"
"12184",7288,"Valatie","Columbia County"
"11109",7280,"Long Island City","Queens County"
"10595",7213,"Valhalla","Westchester County"
"10589",7159,"Somers","Westchester County"
"12198",7150,"Wynantskill","Rensselaer County"
"11507",7111,"Albertson","Nassau County"
"14903",7090,"Elmira","Chemung County"
"13403",7087,"Marcy","Oneida County"
"14489",7054,"Lyons","Wayne County"
"12972",7049,"Peru","Clinton County"
"11560",7043,"Locust Valley","Nassau County"
"12428",7032,"Ellenville","Ulster County"
"11933",6975,"Calverton","Suffolk County"
"12570",6923,"Poughquag","Dutchess County"
"12305",6922,"Schenectady","Schenectady County"
"14779",6899,"Salamanca","Cattaraugus County"
"14414",6783,"Avon","Livingston County"
"10607",6764,"White Plains","Westchester County"
"11709",6763,"Bayville","Nassau County"
"12077",6752,"Glenmont","Albany County"
"14132",6689,"Sanborn","Niagara County"
"14464",6656,"Hamlin","Monroe County"
"13077",6646,"Homer","Cortland County"
"11721",6569,"Centerport","Suffolk County"
"11786",6559,"Shoreham","Suffolk County"
"14886",6544,"Trumansburg","Tompkins County"
"13073",6514,"Groton","Tompkins County"
"14530",6498,"Perry","Wyoming County"
"12832",6486,"Granville","Washington County"
"10282",6450,"New York","New York County"
"13902",6405,"Binghamton","Broome County"
"10507",6403,"Bedford Hills","Westchester County"
"14569",6387,"Warsaw","Wyoming County"
"10996",6386,"West Point","Orange County"
"12222",6358,"Albany","Albany County"
"10994",6357,"West Nyack","Rockland County"
"14568",6349,"Walworth","Wayne County"
"10506",6340,"Bedford","Westchester County"
"12186",6325,"Voorheesville","Albany County"
"13135",6296,"Phoenix","Oswego County"
"11971",6286,"Southold","Suffolk County"
"13108",6284,"Marcellus","Onondaga County"
"12834",6261,"Greenwich","Washington County"
"10069",6259,"New York","New York County"
"13346",6244,"Hamilton","Madison County"
"12822",6200,"Corinth","Saratoga County"
"14070",6186,"Gowanda","Cattaraugus County"
"12582",6168,"Stormville","Dutchess County"
"14303",6159,"Niagara Falls","Niagara County"
"14047",6147,"Derby","Erie County"
"10577",6145,"Purchase","Westchester County"
"11020",6145,"Great Neck","Nassau County"
"13339",6084,"Fort Plain","Montgomery County"
"13856",6063,"Walton","Delaware County"
"14706",6051,"Allegany","Cattaraugus County"
"12051",6050,"Coxsackie","Greene County"
"12158",6045,"Selkirk","Albany County"
"13142",6044,"Pulaski","Oswego County"
"13865",6000,"Windsor","Broome County"
"13211",5968,"Syracuse","Onondaga County"
"14469",5937,"Bloomfield","Ontario County"
"13316",5912,"Camden","Oneida County"
"14514",5899,"North Chili","Monroe County"
"12518",5861,"Cornwall","Orange County"
"13118",5811,"Moravia","Cayuga County"
"13309",5805,"Boonville","Oneida County"
"12090",5782,"Hoosick Falls","Rensselaer County"
"13166",5758,"Weedsport","Cayuga County"
"10502",5745,"Ardsley","Westchester County"
"14174",5698,"Youngstown","Niagara County"
"10983",5670,"Tappan","Rockland County"
"14487",5661,"Livonia","Livingston County"
"11942",5620,"East Quogue","Suffolk County"
"14837",5596,"Dundee","Yates County"
"13753",5593,"Delhi","Delaware County"
"10516",5585,"Cold Spring","Putnam County"
"10594",5565,"Thornwood","Westchester County"
"14432",5520,"Clifton Springs","Ontario County"
"12542",5490,"Marlboro","Ulster County"
"14009",5477,"Arcade","Wyoming County"
"11940",5462,"East Moriches","Suffolk County"
"12143",5443,"Ravena","Albany County"
"14036",5406,"Corfu","Genesee County"
"12986",5356,"Tupper Lake","Franklin County"
"13778",5349,"Greene","Chenango County"
"10913",5286,"Blauvelt","Rockland County"
"14108",5263,"Newfane","Niagara County"
"14801",5263,"Addison","Steuben County"
"13605",5261,"Adams","Jefferson County"
"12025",5260,"Broadalbin","Fulton County"
"13159",5243,"Tully","Onondaga County"
"14867",5242,"Newfield","Tompkins County"
"12833",5233,"Greenfield Center","Saratoga County"
"11952",5231,"Mattituck","Suffolk County"
"12170",5225,"Stillwater","Saratoga County"
"10928",5208,"Highland Falls","Orange County"
"14131",5182,"Ransomville","Niagara County"
"11980",5144,"Yaphank","Suffolk County"
"13407",5140,"Mohawk","Herkimer County"
"14105",5128,"Middleport","Niagara County"
"10962",5125,"Orangeburg","Rockland County"
"14590",5123,"Wolcott","Wayne County"
"14136",5122,"Silver Creek","Chautauqua County"
"12084",5069,"Guilderland","Albany County"
"11579",5062,"Sea Cliff","Nassau County"
"12962",5051,"Morrisonville","Clinton County"
"13733",5049,"Bainbridge","Chenango County"
"10532",5040,"Hawthorne","Westchester County"
"11514",5040,"Carle Place","Nassau County"
"14572",4979,"Wayland","Steuben County"
"10560",4975,"North Salem","Westchester County"
"14551",4956,"Sodus","Wayne County"
"14727",4939,"Cuba","Allegany County"
"12123",4938,"Nassau","Rensselaer County"
"13624",4933,"Clayton","Jefferson County"
"13830",4933,"Oxford","Chenango County"
"10576",4927,"Pound Ridge","Westchester County"
"14546",4920,"Scottsville","Monroe County"
"14423",4906,"Caledonia","Livingston County"
"14505",4896,"Marion","Wayne County"
"12446",4894,"Kerhonkson","Ulster County"
"13452",4874,"Saint Johnsville","Fulton County"
"14512",4855,"Naples","Ontario County"
"14261",4818,"Buffalo","Erie County"
"11944",4799,"Greenport","Suffolk County"
"12883",4797,"Ticonderoga","Essex County"
"13068",4778,"Freeville","Tompkins County"
"14510",4778,"Mount Morris","Livingston County"
"12522",4775,"Dover Plains","Dutchess County"
"12946",4774,"Lake Placid","Essex County"
"14787",4756,"Westfield","Chautauqua County"
"10993",4738,"West Haverstraw","Rockland County"
"12887",4720,"Whitehall","Washington County"
"13053",4717,"Dryden","Tompkins County"
"13326",4698,"Cooperstown","Otsego County"
"12816",4626,"Cambridge","Washington County"
"12498",4580,"Woodstock","Ulster County"
"10004",4579,"New York","New York County"
"12157",4574,"Schoharie","Schoharie County"
"12845",4573,"Lake George","Warren County"
"14802",4563,"Alfred","Allegany County"
"12580",4556,"Staatsburg","Dutchess County"
"14871",4551,"Pine City","Chemung County"
"14883",4540,"Spencer","Tioga County"
"12545",4521,"Millbrook","Dutchess County"
"14750",4521,"Lakewood","Chautauqua County"
"13637",4493,"Evans Mills","Jefferson County"
"10925",4466,"Greenwood Lake","Orange County"
"13074",4453,"Hannibal","Oswego County"
"10548",4446,"Montrose","Westchester County"
"10916",4445,"Campbell Hall","Orange County"
"11804",4443,"Old Bethpage","Nassau County"
"13308",4429,"Blossvale","Oneida County"
"13849",4424,"Unadilla","Otsego County"
"14891",4416,"Watkins Glen","Schuyler County"
"12885",4411,"Warrensburg","Warren County"
"14042",4403,"Delevan","Cattaraugus County"
"12148",4371,"Rexford","Saratoga County"
"10963",4347,"Otisville","Orange County"
"10524",4344,"Garrison","Putnam County"
"13140",4335,"Port Byron","Cayuga County"
"11954",4322,"Montauk","Suffolk County"
"12134",4304,"Northville","Hamilton County"
"13833",4297,"Port Crane","Broome County"
"13460",4293,"Sherburne","Chenango County"
"10464",4292,"Bronx","Bronx County"
"13803",4278,"Marathon","Cortland County"
"11568",4272,"Old Westbury","Nassau County"
"10921",4268,"Florida","Orange County"
"14433",4265,"Clyde","Wayne County"
"12053",4253,"Delanson","Schenectady County"
"12027",4244,"Burnt Hills","Saratoga County"
"12790",4226,"Wurtsboro","Sullivan County"
"14080",4215,"Holland","Erie County"
"12871",4197,"Schuylerville","Saratoga County"
"12015",4135,"Athens","Greene County"
"13811",4120,"Newark Valley","Tioga County"
"12594",4117,"Wingdale","Dutchess County"
"14737",4105,"Franklinville","Cattaraugus County"
"14485",4102,"Lima","Livingston County"
"12037",4083,"Chatham","Columbia County"
"14548",4042,"Shortsville","Ontario County"
"14067",4028,"Gasport","Niagara County"
"13030",4008,"Bridgeport","Madison County"
"13317",4002,"Canajoharie","Montgomery County"
"14772",3993,"Randolph","Cattaraugus County"
"13838",3984,"Sidney","Delaware County"
"13456",3977,"Sauquoit","Oneida County"
"11978",3969,"Westhampton Beach","Suffolk County"
"12196",3954,"West Sand Lake","Rensselaer County"
"13634",3947,"Dexter","Jefferson County"
"11697",3946,"Breezy Point","Queens County"
"12487",3935,"Ulster Park","Ulster County"
"10926",3909,"Harriman","Orange County"
"12083",3900,"Greenville","Greene County"
"12944",3887,"Keeseville","Essex County"
"12404",3864,"Accord","Ulster County"
"12758",3857,"Livingston Manor","Sullivan County"
"13491",3853,"West Winfield","Otsego County"
"14823",3851,"Canisteo","Steuben County"
"14532",3849,"Phelps","Ontario County"
"11796",3843,"West Sayville","Suffolk County"
"10987",3809,"Tuxedo Park","Orange County"
"13084",3801,"La Fayette","Onondaga County"
"14416",3800,"Bergen","Genesee County"
"11715",3786,"Blue Point","Suffolk County"
"12992",3774,"West Chazy","Clinton County"
"13748",3760,"Conklin","Broome County"
"14025",3754,"Boston","Erie County"
"13082",3750,"Kirkville","Madison County"
"10006",3736,"New York","New York County"
"13439",3715,"Richfield Springs","Otsego County"
"13862",3702,"Whitney Point","Broome County"
"14882",3678,"Lansing","Tompkins County"
"12827",3673,"Fort Ann","Washington County"
"13655",3669,"Hogansburg","Franklin County"
"14202",3664,"Buffalo","Erie County"
"13033",3661,"Cato","Cayuga County"
"14541",3660,"Romulus","Seneca County"
"13116",3652,"Minoa","Onondaga County"
"12809",3612,"Argyle","Washington County"
"12122",3585,"Middleburgh","Schoharie County"
"12443",3582,"Hurley","Ulster County"
"14125",3580,"Oakfield","Genesee County"
"11749",3568,"Islandia","Suffolk County"
"13329",3555,"Dolgeville","Fulton County"
"10998",3548,"Westtown","Orange County"
"11732",3546,"East Norwich","Nassau County"
"14738",3542,"Frewsburg","Chautauqua County"
"11719",3519,"Brookhaven","Suffolk County"
"12526",3519,"Germantown","Columbia County"
"13080",3519,"Jordan","Onondaga County"
"12458",3501,"Napanoch","Ulster County"
"13132",3495,"Pennellville","Oswego County"
"12865",3448,"Salem","Washington County"
"12929",3433,"Dannemora","Clinton County"
"13480",3426,"Waterville","Oneida County"
"14719",3398,"Cattaraugus","Cattaraugus County"
"13743",3394,"Candor","Tioga County"
"13408",3383,"Morrisville","Madison County"
"12484",3373,"Stone Ridge","Ulster County"
"14521",3366,"Ovid","Seneca County"
"10974",3335,"Sloatsburg","Rockland County"
"14821",3333,"Campbell","Steuben County"
"10588",3296,"Shrub Oak","Westchester County"
"14812",3286,"Beaver Dams","Schuyler County"
"13354",3285,"Holland Patent","Oneida County"
"12547",3277,"Milton","Ulster County"
"14062",3251,"Forestville","Chautauqua County"
"13656",3230,"La Fargeville","Jefferson County"
"14543",3217,"Rush","Monroe County"
"13668",3200,"Norwood","St. Lawrence County"
"12449",3193,"Lake Katrine","Ulster County"
"14757",3183,"Mayville","Chautauqua County"
"11718",3181,"Brightwaters","Suffolk County"
"13667",3171,"Norfolk","St. Lawrence County"
"12075",3159,"Ghent","Columbia County"
"13461",3158,"Sherrill","Oneida County"
"12966",3152,"North Bangor","Franklin County"
"14111",3150,"North Collins","Erie County"
"14098",3146,"Lyndonville","Orleans County"
"12413",3144,"Cairo","Greene County"
"12543",3135,"Maybrook","Orange County"
"11964",3129,"Shelter Island","Suffolk County"
"14710",3125,"Ashville","Chautauqua County"
"13691",3123,"Theresa","Jefferson County"
"13131",3115,"Parish","Oswego County"
"14733",3104,"Falconer","Chautauqua County"
"13417",3103,"New York Mills","Oneida County"
"14172",3091,"Wilson","Niagara County"
"14712",3089,"Bemus Point","Chautauqua County"
"12520",3088,"Cornwall On Hudson","Orange County"
"10984",3079,"Thiells","Rockland County"
"11977",3069,"Westhampton","Suffolk County"
"13787",3067,"Harpursville","Broome County"
"13825",3058,"Otego","Otsego County"
"13478",3040,"Verona","Oneida County"
"14807",3034,"Arkport","Steuben County"
"13044",3026,"Constantia","Oswego County"
"14012",3020,"Barker","Niagara County"
"12846",3004,"Lake Luzerne","Warren County"
"13438",2994,"Remsen","Oneida County"
"12072",2992,"Fultonville","Montgomery County"
"13167",2982,"West Monroe","Oswego County"
"12514",2980,"Clinton Corners","Dutchess County"
"13476",2975,"Vernon","Oneida County"
"12183",2968,"Troy","Albany County"
"10537",2961,"Lake Peekskill","Putnam County"
"12074",2956,"Galway","Saratoga County"
"14724",2955,"Clymer","Chautauqua County"
"13795",2954,"Kirkwood","Broome County"
"10958",2925,"New Hampton","Orange County"
"12138",2922,"Petersburg","Rensselaer County"
"14817",2911,"Brooktondale","Tompkins County"
"14081",2910,"Irving","Erie County"
"14809",2905,"Avoca","Steuben County"
"14627",2892,"Rochester","Monroe County"
"14770",2888,"Portville","Allegany County"
"13332",2878,"Earlville","Madison County"
"11724",2874,"Cold Spring Harbor","Suffolk County"
"13730",2871,"Afton","Chenango County"
"12921",2870,"Chazy","Clinton County"
"14755",2858,"Little Valley","Cattaraugus County"
"11955",2857,"Moriches","Suffolk County"
"11935",2847,"Cutchogue","Suffolk County"
"12788",2841,"Woodbourne","Sullivan County"
"12154",2820,"Schaghticoke","Rensselaer County"
"13602",2798,"Fort Drum","Jefferson County"
"14517",2776,"Nunda","Livingston County"
"13411",2743,"New Berlin","Otsego County"
"14726",2743,"Conewango Valley","Cattaraugus County"
"14471",2735,"Honeoye","Ontario County"
"13060",2731,"Elbridge","Onondaga County"
"12850",2729,"Middle Grove","Saratoga County"
"13092",2726,"Locke","Cayuga County"
"14735",2725,"Fillmore","Allegany County"
"13164",2720,"Warners","Onondaga County"
"12117",2716,"Mayfield","Fulton County"
"12919",2716,"Champlain","Clinton County"
"13612",2703,"Black River","Jefferson County"
"12546",2700,"Millerton","Dutchess County"
"14604",2682,"Rochester","Monroe County"
"12094",2676,"Johnsonville","Rensselaer County"
"13471",2656,"Taberg","Oneida County"
"13754",2656,"Deposit","Broome County"
"14865",2647,"Montour Falls","Schuyler County"
"14739",2627,"Friendship","Allegany County"
"13040",2620,"Cincinnatus","Cortland County"
"12918",2607,"Cadyville","Clinton County"
"13613",2604,"Brasher Falls","St. Lawrence County"
"14716",2602,"Brocton","Chautauqua County"
"12531",2590,"Holmes","Dutchess County"
"14715",2579,"Bolivar","Allegany County"
"14840",2577,"Hammondsport","Steuben County"
"14775",2565,"Ripley","Chautauqua County"
"12835",2545,"Hadley","Saratoga County"
"14525",2536,"Pavilion","Genesee County"
"12979",2534,"Rouses Point","Clinton County"
"14034",2513,"Collins","Erie County"
"12068",2509,"Fonda","Montgomery County"
"11549",2508,"Hempstead","Nassau County"
"14516",2505,"North Rose","Wayne County"
"12070",2499,"Fort Johnson","Montgomery County"
"11941",2493,"Eastport","Suffolk County"
"10968",2474,"Piermont","Rockland County"
"12775",2474,"Rock Hill","Sullivan County"
"14476",2461,"Kendall","Orleans County"
"11976",2437,"Water Mill","Suffolk County"
"12920",2429,"Chateaugay","Franklin County"
"13606",2423,"Adams Center","Jefferson County"
"13076",2416,"Hastings","Oswego County"
"12167",2414,"Stamford","Schoharie County"
"13101",2410,"McGraw","Cortland County"
"13363",2409,"Lee Center","Oneida County"
"14847",2409,"Interlaken","Seneca County"
"14058",2408,"Elba","Genesee County"
"12981",2397,"Saranac","Clinton County"
"14203",2390,"Buffalo","Erie County"
"13110",2389,"Marietta","Onondaga County"
"10973",2388,"Slate Hill","Orange County"
"14561",2382,"Stanley","Ontario County"
"13654",2380,"Heuvelton","St. Lawrence County"
"12821",2378,"Comstock","Washington County"
"12916",2375,"Brushton","Franklin County"
"12023",2374,"Berne","Albany County"
"13734",2372,"Barton","Tioga County"
"12121",2358,"Melrose","Rensselaer County"
"13143",2354,"Red Creek","Wayne County"
"12567",2347,"Pine Plains","Dutchess County"
"12207",2337,"Albany","Albany County"
"12789",2336,"Woodridge","Sullivan County"
"13783",2331,"Hancock","Delaware County"
"13658",2326,"Lisbon","St. Lawrence County"
"12926",2325,"Constable","Franklin County"
"12779",2304,"South Fallsburg","Sullivan County"
"12529",2296,"Hillsdale","Columbia County"
"14435",2296,"Conesus","Livingston County"
"13812",2293,"Nichols","Tioga County"
"13626",2282,"Copenhagen","Lewis County"
"10511",2281,"Buchanan","Westchester County"
"13424",2274,"Oriskany","Oneida County"
"12780",2268,"Sparrow Bush","Orange County"
"14767",2265,"Panama","Chautauqua County"
"13160",2262,"Union Springs","Cayuga County"
"13646",2257,"Hammond","St. Lawrence County"
"14879",2254,"Savona","Steuben County"
"14744",2250,"Houghton","Allegany County"
"13416",2235,"Newport","Herkimer County"
"11548",2230,"Greenvale","Nassau County"
"13327",2230,"Croghan","Lewis County"
"14170",2223,"West Falls","Erie County"
"13120",2218,"Nedrow","Onondaga County"
"14813",2213,"Belmont","Allegany County"
"12149",2208,"Richmondville","Schoharie County"
"13493",2205,"Williamstown","Oswego County"
"14560",2202,"Springwater","Ontario County"
"14853",2202,"Ithaca","Tompkins County"
"13685",2187,"Sackets Harbor","Jefferson County"
"13146",2176,"Savannah","Wayne County"
"11005",2175,"Floral Park","Queens County"
"12106",2171,"Kinderhook","Columbia County"
"14743",2171,"Hinsdale","Cattaraugus County"
"12501",2170,"Amenia","Dutchess County"
"13156",2169,"Sterling","Cayuga County"
"14782",2169,"Sinclairville","Chautauqua County"
"13673",2163,"Philadelphia","Jefferson County"
"14544",2157,"Rushville","Yates County"
"14806",2149,"Andover","Allegany County"
"12759",2145,"Loch Sheldrake","Sullivan County"
"13746",2142,"Chenango Forks","Broome County"
"11439",2140,"Jamaica","Queens County"
"14838",2133,"Erin","Chemung County"
"12578",2125,"Salt Point","Dutchess County"
"13843",2094,"South New Berlin","Otsego County"
"13320",2085,"Cherry Valley","Otsego County"
"14005",2085,"Alexander","Genesee County"
"13495",2081,"Yorkville","Oneida County"
"14139",2074,"South Wales","Erie County"
"14747",2073,"Kennedy","Chautauqua County"
"12776",2072,"Roscoe","Delaware County"
"12466",2070,"Port Ewen","Ulster County"
"13620",2066,"Castorland","Lewis County"
"13797",2061,"Lisle","Broome County"
"12491",2059,"West Hurley","Ulster County"
"10976",2056,"Sparkill","Rockland County"
"12974",2054,"Port Henry","Essex County"
"13459",2048,"Sharon Springs","Schoharie County"
"14030",2045,"Chaffee","Erie County"
"12581",2041,"Stanfordville","Dutchess County"
"12173",2038,"Stuyvesant","Columbia County"
"12137",2035,"Pattersonville","Schenectady County"
"12056",2029,"Duanesburg","Schenectady County"
"12747",2026,"Hurleyville","Sullivan County"
"14718",2024,"Cassadaga","Chautauqua County"
"13034",2022,"Cayuga","Cayuga County"
"13699",2021,"Potsdam","St. Lawrence County"
"13042",2012,"Cleveland","Oneida County"
"13648",2007,"Harrisville","Lewis County"
"12057",1997,"Eagle Bridge","Washington County"
"12733",1996,"Fallsburg","Sullivan County"
"14873",1995,"Prattsburgh","Steuben County"
"13083",1989,"Lacona","Oswego County"
"12523",1986,"Elizaville","Columbia County"
"13622",1985,"Chaumont","Jefferson County"
"12996",1983,"Willsboro","Essex County"
"12604",1978,"Poughkeepsie","Dutchess County"
"13409",1976,"Munnsville","Madison County"
"12052",1974,"Cropseyville","Rensselaer County"
"10917",1969,"Central Valley","Orange County"
"13809",1964,"Mount Upton","Otsego County"
"12197",1951,"Worcester","Otsego County"
"12817",1951,"Chestertown","Warren County"
"14711",1943,"Belfast","Allegany County"
"10526",1939,"Goldens Bridge","Westchester County"
"13431",1939,"Poland","Herkimer County"
"13616",1936,"Calcium","Jefferson County"
"14826",1923,"Cohocton","Steuben County"
"13304",1919,"Barneveld","Oneida County"
"14741",1887,"Great Valley","Cattaraugus County"
"12910",1886,"Altona","Clinton County"
"13697",1879,"Winthrop","St. Lawrence County"
"12928",1869,"Crown Point","Essex County"
"14167",1866,"Varysburg","Wyoming County"
"14138",1864,"South Dayton","Cattaraugus County"
"12516",1859,"Copake","Columbia County"
"12859",1855,"Porter Corners","Saratoga County"
"13660",1849,"Madrid","St. Lawrence County"
"12431",1845,"Freehold","Greene County"
"14101",1843,"Machias","Cattaraugus County"
"12066",1834,"Esperance","Montgomery County"
"12583",1832,"Tivoli","Dutchess County"
"12958",1829,"Mooers","Clinton County"
"14781",1827,"Sherman","Chautauqua County"
"13661",1825,"Mannsville","Jefferson County"
"14533",1822,"Piffard","Livingston County"
"13608",1818,"Antwerp","Jefferson County"
"13618",1814,"Cape Vincent","Jefferson County"
"12060",1813,"East Chatham","Columbia County"
"12455",1810,"Margaretville","Delaware County"
"12912",1809,"Au Sable Forks","Clinton County"
"13736",1807,"Berkshire","Tioga County"
"13775",1806,"Franklin","Delaware County"
"14040",1799,"Darien Center","Genesee County"
"13652",1796,"Hermon","St. Lawrence County"
"13111",1790,"Martville","Cayuga County"
"10578",1788,"Purdys","Westchester County"
"12185",1785,"Valley Falls","Rensselaer County"
"14814",1784,"Big Flats","Chemung County"
"12723",1776,"Callicoon","Sullivan County"
"14481",1775,"Leicester","Livingston County"
"14818",1765,"Burdett","Schuyler County"
"13052",1763,"De Ruyter","Madison County"
"14422",1763,"Byron","Genesee County"
"13425",1762,"Oriskany Falls","Oneida County"
"12486",1760,"Tillson","Ulster County"
"12748",1751,"Jeffersonville","Sullivan County"
"13607",1750,"Alexandria Bay","Jefferson County"
"12168",1749,"Stephentown","Rensselaer County"
"12155",1748,"Schenevus","Otsego County"
"14065",1747,"Freedom","Cattaraugus County"
"14013",1744,"Basom","Genesee County"
"12525",1739,"Gardiner","Ulster County"
"13026",1737,"Aurora","Cayuga County"
"13112",1728,"Memphis","Onondaga County"
"14427",1721,"Castile","Wyoming County"
"12764",1713,"Narrowsburg","Sullivan County"
"12903",1705,"Plattsburgh","Clinton County"
"14466",1697,"Hemlock","Ontario County"
"13063",1696,"Fabius","Onondaga County"
"12740",1695,"Grahamsville","Ulster County"
"12941",1692,"Jay","Essex County"
"12870",1690,"Schroon Lake","Essex County"
"11509",1682,"Atlantic Beach","Nassau County"
"12193",1674,"Westerlo","Albany County"
"14477",1672,"Kent","Orleans County"
"13348",1669,"Hartwick","Otsego County"
"12062",1662,"East Nassau","Rensselaer County"
"13324",1653,"Cold Brook","Herkimer County"
"12086",1648,"Hagaman","Saratoga County"
"12957",1647,"Moira","Franklin County"
"13433",1647,"Port Leyden","Lewis County"
"14024",1637,"Bliss","Wyoming County"
"13485",1635,"West Edmeston","Madison County"
"12993",1634,"Westport","Essex County"
"12737",1625,"Glen Spey","Sullivan County"
"13343",1625,"Glenfield","Lewis County"
"12959",1618,"Mooers Forks","Clinton County"
"12521",1607,"Craryville","Columbia County"
"14171",1605,"West Valley","Cattaraugus County"
"12092",1604,"Howes Cave","Schoharie County"
"14091",1600,"Lawtons","Erie County"
"13145",1595,"Sandy Creek","Oswego County"
"14008",1594,"Appleton","Niagara County"
"12575",1584,"Rock Tavern","Orange County"
"14591",1573,"Wyoming","Wyoming County"
"12515",1567,"Clintondale","Ulster County"
"11939",1564,"East Marion","Suffolk County"
"12565",1559,"Philmont","Columbia County"
"14028",1556,"Burt","Niagara County"
"12577",1552,"Salisbury Mills","Orange County"
"13625",1551,"Colton","St. Lawrence County"
"14898",1549,"Woodhull","Steuben County"
"14803",1546,"Alfred Station","Allegany County"
"14504",1534,"Manchester","Ontario County"
"13428",1533,"Palatine Bridge","Montgomery County"
"10986",1529,"Tomkins Cove","Rockland County"
"10964",1525,"Palisades","Rockland County"
"10162",1523,"New York","New York County"
"14880",1520,"Scio","Allegany County"
"14804",1507,"Almond","Allegany County"
"12166",1505,"Sprakers","Montgomery County"
"12192",1496,"West Coxsackie","Greene County"
"13801",1496,"McDonough","Chenango County"
"12440",1493,"High Falls","Ulster County"
"12481",1493,"Shokan","Ulster County"
"14102",1488,"Marilla","Erie County"
"13477",1485,"Vernon Center","Oneida County"
"14869",1471,"Odessa","Schuyler County"
"12937",1464,"Fort Covington","Franklin County"
"14033",1460,"Colden","Erie County"
"12067",1457,"Feura Bush","Albany County"
"14055",1455,"East Concord","Erie County"
"13328",1451,"Deansboro","Oneida County"
"13630",1443,"De Kalb Junction","St. Lawrence County"
"14894",1440,"Wellsburg","Chemung County"
"12592",1429,"Wassaic","Dutchess County"
"11794",1425,"Stony Brook","Suffolk County"
"12059",1417,"East Berne","Albany County"
"10501",1416,"Amawalk","Westchester County"
"12140",1412,"Poestenkill","Rensselaer County"
"12783",1409,"Swan Lake","Sullivan County"
"12935",1406,"Ellenburg Depot","Clinton County"
"13315",1404,"Burlington Flats","Otsego County"
"11739",1400,"Great River","Suffolk County"
"13680",1398,"Rensselaer Falls","St. Lawrence County"
"14858",1395,"Lindley","Steuben County"
"12093",1385,"Jefferson","Schoharie County"
"12729",1382,"Cuddebackville","Orange County"
"13024",1380,"Auburn","Cayuga County"
"14778",1380,"Saint Bonaventure","Cattaraugus County"
"12853",1379,"North Creek","Warren County"
"13808",1379,"Morris","Otsego County"
"13302",1377,"Altmar","Oswego County"
"12461",1371,"Olivebridge","Ulster County"
"14478",1369,"Keuka Park","Yates County"
"13744",1359,"Castle Creek","Broome County"
"12726",1357,"Cochecton","Sullivan County"
"14054",1356,"East Bethany","Genesee County"
"13335",1355,"Edmeston","Otsego County"
"13650",1355,"Henderson","Jefferson County"
"13158",1352,"Truxton","Cortland County"
"12116",1351,"Maryland","Otsego County"
"12430",1341,"Fleischmanns","Greene County"
"12463",1341,"Palenville","Greene County"
"12468",1325,"Prattsville","Greene County"
"12977",1324,"Ray Brook","Essex County"
"13144",1323,"Richland","Oswego County"
"13839",1319,"Sidney Center","Delaware County"
"13469",1317,"Stittville","Oneida County"
"12496",1311,"Windham","Greene County"
"14571",1306,"Waterport","Orleans County"
"13835",1301,"Richford","Tioga County"
"14129",1300,"Perrysburg","Cattaraugus County"
"13807",1296,"Milford","Otsego County"
"13303",1295,"Ava","Oneida County"
"10922",1289,"Fort Montgomery","Orange County"
"12457",1283,"Mount Tremper","Ulster County"
"12087",1279,"Hannacroix","Greene County"
"13757",1274,"East Meredith","Delaware County"
"12076",1271,"Gilboa","Schoharie County"
"14889",1270,"Van Etten","Chemung County"
"13810",1260,"Mount Vision","Otsego County"
"10919",1256,"Circleville","Orange County"
"12423",1255,"East Durham","Greene County"
"13694",1253,"Waddington","St. Lawrence County"
"12956",1248,"Mineville","Essex County"
"13464",1245,"Smyrna","Chenango County"
"13635",1244,"Edwards","St. Lawrence County"
"13338",1242,"Forestport","Herkimer County"
"14709",1240,"Angelica","Allegany County"
"14550",1233,"Silver Springs","Wyoming County"
"12917",1232,"Burke","Franklin County"
"12967",1226,"North Lawrence","St. Lawrence County"
"11957",1220,"Orient","Suffolk County"
"14731",1220,"Ellicottville","Cattaraugus County"
"13054",1218,"Durhamville","Oneida County"
"14109",1218,"Niagara University","Niagara County"
"12997",1217,"Wilmington","Essex County"
"14145",1206,"Strykersville","Wyoming County"
"14555",1203,"Sodus Point","Wayne County"
"12934",1197,"Ellenburg Center","Clinton County"
"14556",1184,"Sonyea","Livingston County"
"13490",1181,"Westmoreland","Oneida County"
"12472",1177,"Rosendale","Ulster County"
"13684",1172,"Russell","St. Lawrence County"
"12058",1163,"Earlton","Greene County"
"12504",1152,"Annandale On Hudson","Dutchess County"
"12751",1151,"Kiamesha Lake","Sullivan County"
"13864",1148,"Willseyville","Tioga County"
"12502",1147,"Ancram","Columbia County"
"14859",1141,"Lockwood","Tioga County"
"13355",1139,"Hubbardsville","Madison County"
"14861",1138,"Lowman","Chemung County"
"12814",1135,"Bolton Landing","Warren County"
"10505",1132,"Baldwin Place","Westchester County"
"12719",1132,"Barryville","Sullivan County"
"10931",1131,"Hillburn","Rockland County"
"13813",1131,"Nineveh","Broome County"
"13473",1128,"Turin","Lewis County"
"14614",1126,"Rochester","Monroe County"
"13368",1121,"Lyons Falls","Lewis County"
"14860",1121,"Lodi","Seneca County"
"12980",1118,"Saint Regis Falls","Franklin County"
"13081",1114,"King Ferry","Cayuga County"
"14740",1112,"Gerry","Chautauqua County"
"11569",1110,"Point Lookout","Nassau County"
"13679",1108,"Redwood","Jefferson County"
"14418",1103,"Branchport","Yates County"
"12815",1099,"Brant Lake","Warren County"
"12464",1093,"Phoenicia","Ulster County"
"14066",1093,"Gainesville","Wyoming County"
"12125",1092,"New Lebanon","Columbia County"
"13420",1092,"Old Forge","Herkimer County"
"12932",1090,"Elizabethtown","Essex County"
"12824",1088,"Diamond Point","Warren County"
"13402",1087,"Madison","Madison County"
"12028",1082,"Buskirk","Washington County"
"13802",1079,"Maine","Broome County"
"12913",1077,"Bloomingdale","Franklin County"
"12548",1074,"Modena","Ulster County"
"13322",1073,"Clayville","Herkimer County"
"14143",1058,"Stafford","Genesee County"
"13318",1056,"Cassville","Oneida County"
"14507",1054,"Middlesex","Yates County"
"14728",1049,"Dewittville","Chautauqua County"
"12451",1044,"Leeds","Greene County"
"12785",1041,"Westbrookville","Sullivan County"
"12022",1038,"Berlin","Rensselaer County"
"14864",1033,"Millport","Chemung County"
"11932",1032,"Bridgehampton","Suffolk County"
"12427",1025,"Elka Park","Greene County"
"10546",1022,"Millwood","Westchester County"
"12734",1016,"Ferndale","Sullivan County"
"14723",1012,"Cherry Creek","Chautauqua County"
"13731",1002,"Andes","Delaware County"
"10969",999,"Pine Island","Orange County"
"13796",996,"Laurens","Otsego County"
"12029",991,"Canaan","Columbia County"
"12434",984,"Grand Gorge","Delaware County"
"13122",982,"New Woodstock","Madison County"
"13681",971,"Richville","St. Lawrence County"
"12989",970,"Vermontville","Franklin County"
"14037",963,"Cowlesville","Wyoming County"
"11960",962,"Remsenburg","Suffolk County"
"13788",959,"Hobart","Delaware County"
"12409",958,"Bearsville","Ulster County"
"14846",952,"Hunt","Livingston County"
"14753",950,"Limestone","Cattaraugus County"
"13334",943,"Eaton","Madison County"
"12970",937,"Paul Smiths","Franklin County"
"13147",929,"Scipio Center","Cayuga County"
"13325",929,"Constableville","Lewis County"
"12985",915,"Schuyler Falls","Clinton County"
"12485",904,"Tannersville","Greene County"
"12960",900,"Moriah","Essex County"
"11958",893,"Peconic","Suffolk County"
"12765",891,"Neversink","Sullivan County"
"13755",888,"Downsville","Delaware County"
"12863",883,"Rock City Falls","Saratoga County"
"12419",881,"Cottekill","Ulster County"
"12837",879,"Hampton","Washington County"
"12914",876,"Bombay","Franklin County"
"12873",875,"Shushan","Washington County"
"12417",873,"Connelly","Ulster County"
"12151",871,"Round Lake","Saratoga County"
"14855",871,"Jasper","Steuben County"
"14720",870,"Celoron","Chautauqua County"
"13752",868,"Delancey","Delaware County"
"12768",866,"Parksville","Sullivan County"
"12494",865,"West Shokan","Ulster County"
"13071",864,"Genoa","Cayuga County"
"13780",862,"Guilford","Chenango County"
"14878",858,"Rock Stream","Schuyler County"
"12474",856,"Roxbury","Delaware County"
"14822",850,"Canaseraga","Allegany County"
"14842",847,"Himrod","Yates County"
"12777",846,"Forestburgh","Sullivan County"
"13682",845,"Rodman","Jefferson County"
"12930",843,"Dickinson Center","Franklin County"
"12585",842,"Verbank","Dutchess County"
"13072",838,"Georgetown","Madison County"
"13310",837,"Bouckville","Madison County"
"14836",835,"Dalton","Livingston County"
"12160",834,"Sloansville","Schoharie County"
"12156",831,"Schodack Landing","Rensselaer County"
"10518",830,"Cross River","Westchester County"
"12732",830,"Eldred","Sullivan County"
"14729",813,"East Otto","Cattaraugus County"
"13665",812,"Natural Bridge","Lewis County"
"14260",812,"Buffalo","Erie County"
"13028",809,"Bernhards Bay","Oswego County"
"12469",803,"Preston Hollow","Albany County"
"13321",803,"Clark Mills","Oneida County"
"14462",803,"Groveland","Livingston County"
"13739",801,"Bloomville","Delaware County"
"10596",796,"Verplanck","Westchester County"
"12136",790,"Old Chatham","Columbia County"
"12503",787,"Ancramdale","Columbia County"
"12470",778,"Purling","Greene County"
"13690",773,"Star Lake","St. Lawrence County"
"14824",768,"Cayuta","Schuyler County"
"12878",767,"Stony Creek","Warren County"
"14805",765,"Alpine","Schuyler County"
"14825",755,"Chemung","Chemung County"
"14784",750,"Stockton","Chautauqua County"
"14841",743,"Hector","Schuyler County"
"11930",741,"Amagansett","Suffolk County"
"12857",738,"Olmstedville","Essex County"
"13486",738,"Westernville","Oneida County"
"12032",737,"Caroga Lake","Hamilton County"
"13454",732,"Salisbury Center","Herkimer County"
"13782",730,"Hamden","Delaware County"
"12456",728,"Mount Marion","Ulster County"
"14815",727,"Bradford","Schuyler County"
"12838",721,"Hartford","Washington County"
"14897",716,"Whitesville","Allegany County"
"13750",711,"Davenport","Delaware County"
"13470",710,"Stratford","Fulton County"
"11765",708,"Mill Neck","Nassau County"
"12842",705,"Indian Lake","Hamilton County"
"12153",703,"Sand Lake","Rensselaer County"
"12187",701,"Warnerville","Schoharie County"
"12175",700,"Summit","Schoharie County"
"14506",700,"Mendon","Monroe County"
"13756",694,"East Branch","Delaware County"
"12791",690,"Youngsville","Sullivan County"
"12847",687,"Long Lake","Hamilton County"
"14113",686,"North Java","Wyoming County"
"14877",684,"Rexville","Steuben County"
"10988",683,"Unionville","Orange County"
"12843",678,"Johnsburg","Warren County"
"12936",671,"Essex","Essex County"
"14082",671,"Java Center","Wyoming County"
"12950",668,"Lewis","Essex County"
"12473",663,"Round Top","Greene County"
"13361",661,"Jordanville","Herkimer County"
"12766",658,"North Branch","Sullivan County"
"13141",655,"Preble","Cortland County"
"13337",653,"Fly Creek","Otsego County"
"14769",651,"Portland","Chautauqua County"
"12442",648,"Hunter","Greene County"
"14536",643,"Portageville","Wyoming County"
"10597",642,"Waccabuc","Westchester County"
"12190",641,"Wells","Hamilton County"
"13844",638,"South Plymouth","Chenango County"
"12120",635,"Medusa","Albany County"
"11959",632,"Quogue","Suffolk County"
"14069",630,"Glenwood","Erie County"
"12433",628,"Glenford","Ulster County"
"13061",627,"Erieville","Madison County"
"14819",625,"Cameron","Steuben County"
"14777",613,"Rushford","Allegany County"
"13842",610,"South Kortright","Delaware County"
"12063",609,"East Schodack","Rensselaer County"
"10527",608,"Granite Springs","Westchester County"
"12746",600,"Huguenot","Orange County"
"13313",597,"Bridgewater","Oneida County"
"14816",595,"Breesport","Chemung County"
"14839",594,"Greenwood","Steuben County"
"12884",591,"Victory Mills","Saratoga County"
"12406",590,"Arkville","Ulster County"
"14885",590,"Troupsburg","Steuben County"
"12150",589,"Rotterdam Junction","Schenectady County"
"12174",588,"Stuyvesant Falls","Columbia County"
"14480",588,"Lakeville","Livingston County"
"13615",586,"Brownville","Jefferson County"
"11547",585,"Glenwood Landing","Nassau County"
"12432",581,"Glasco","Ulster County"
"13621",578,"Chase Mills","St. Lawrence County"
"12786",568,"White Lake","Sullivan County"
"13155",567,"South Otselic","Chenango County"
"14717",564,"Caneadea","Allegany County"
"11970",563,"South Jamesport","Suffolk County"
"13740",560,"Bovina Center","Delaware County"
"12861",556,"Putnam Station","Washington County"
"12405",550,"Acra","Greene County"
"12482",550,"South Cairo","Greene County"
"13319",550,"Chadwicks","Oneida County"
"14808",550,"Atlanta","Steuben County"
"14714",544,"Black Creek","Allegany County"
"14872",542,"Pine Valley","Chemung County"
"12749",539,"Kauneonga Lake","Sullivan County"
"12444",538,"Jewett","Greene County"
"12412",537,"Boiceville","Ulster County"
"12810",537,"Athol","Warren County"
"13410",536,"Nelliston","Montgomery County"
"11948",535,"Laurel","Suffolk County"
"13157",535,"Sylvan Beach","Oneida County"
"14754",534,"Little Genesee","Allegany County"
"13489",533,"West Leyden","Lewis County"
"14820",531,"Cameron Mills","Steuben County"
"12945",528,"Lake Clear","Franklin County"
"12046",519,"Coeymans Hollow","Albany County"
"12942",516,"Keene","Essex County"
"12923",506,"Churubusco","Clinton County"
"14026",506,"Bowmansville","Erie County"
"13687",505,"South Colton","St. Lawrence County"
"14748",505,"Kill Buck","Cattaraugus County"
"12823",502,"Cossayuna","Washington County"
"13406",492,"Middleville","Herkimer County"
"11965",491,"Shelter Island Heights","Suffolk County"
"12164",485,"Speculator","Hamilton County"
"12035",484,"Central Bridge","Schoharie County"
"12069",483,"Fort Hunter","Montgomery County"
"13841",483,"Smithville Flats","Chenango County"
"13863",473,"Willet","Cortland County"
"12763",470,"Mountain Dale","Sullivan County"
"12045",467,"Coeymans","Albany County"
"12836",461,"Hague","Warren County"
"12475",460,"Ruby","Ulster County"
"12454",456,"Maplecrest","Greene County"
"14126",456,"Olcott","Niagara County"
"12177",455,"Tribes Hill","Montgomery County"
"13483",454,"Westdale","Oneida County"
"13861",454,"West Oneonta","Otsego County"
"13832",449,"Plymouth","Chenango County"
"12130",431,"Niverville","Columbia County"
"14441",431,"Dresden","Yates County"
"12436",430,"Haines Falls","Greene County"
"12008",427,"Alplaus","Schenectady County"
"11975",426,"Wainscott","Suffolk County"
"12760",425,"Long Eddy","Delaware County"
"12849",425,"Middle Granville","Washington County"
"12017",419,"Austerlitz","Columbia County"
"10517",417,"Crompond","Westchester County"
"11972",413,"Speonk","Suffolk County"
"12147",412,"Rensselaerville","Albany County"
"13162",409,"Verona Beach","Oneida County"
"12108",408,"Lake Pleasant","Hamilton County"
"13664",404,"Morristown","St. Lawrence County"
"13776",404,"Gilbertsville","Otsego County"
"12778",402,"Smallwood","Sullivan County"
"10933",401,"Johnson","Orange County"
"12422",398,"Durham","Greene County"
"13777",396,"Glen Aubrey","Broome County"
"14549",390,"Silver Lake","Wyoming County"
"14511",385,"Mumford","Monroe County"
"10914",384,"Blooming Grove","Orange County"
"12465",384,"Pine Hill","Ulster County"
"12517",384,"Copake Falls","Columbia County"
"13670",383,"Oswegatchie","St. Lawrence County"
"12169",379,"Stephentown","Rensselaer County"
"13659",379,"Lorraine","Jefferson County"
"12411",377,"Bloomington","Ulster County"
"13672",376,"Parishville","St. Lawrence County"
"13638",372,"Felts Mills","Jefferson County"
"13846",369,"Treadwell","Delaware County"
"12176",366,"Surprise","Greene County"
"13786",366,"Harpersfield","Delaware County"
"12852",365,"Newcomb","Essex County"
"12860",364,"Pottersville","Warren County"
"12769",363,"Phillipsport","Sullivan County"
"12738",359,"Glen Wild","Sullivan County"
"14060",356,"Farmersville Station","Allegany County"
"12420",351,"Cragsmoor","Ulster County"
"12762",350,"Mongaup Valley","Sullivan County"
"12812",349,"Blue Mountain Lake","Hamilton County"
"12955",345,"Lyon Mountain","Clinton County"
"13614",345,"Brier Hill","St. Lawrence County"
"11962",344,"Sagaponack","Suffolk County"
"13472",340,"Thendara","Herkimer County"
"13153",337,"Skaneateles Falls","Onondaga County"
"11430",332,"Jamaica","Queens County"
"13163",332,"Wampsville","Madison County"
"12410",329,"Big Indian","Ulster County"
"13136",329,"Pitcher","Chenango County"
"12007",325,"Alcove","Albany County"
"12924",325,"Keeseville","Clinton County"
"12480",324,"Shandaken","Greene County"
"12493",324,"West Park","Ulster County"
"12725",323,"Claryville","Ulster County"
"12041",319,"Clarksville","Albany County"
"12851",319,"Minerva","Essex County"
"13633",318,"De Peyster","St. Lawrence County"
"11042",317,"New Hyde Park","Nassau County"
"12856",313,"North River","Warren County"
"13611",312,"Belleville","Jefferson County"
"12743",310,"Highland Lake","Sullivan County"
"13312",308,"Brantingham","Lewis County"
"13437",307,"Redfield","Oswego County"
"11956",305,"New Suffolk","Suffolk County"
"14884",303,"Swain","Allegany County"
"12752",302,"Lake Huntington","Sullivan County"
"13640",302,"Wellesley Island","Jefferson County"
"14463",302,"Hall","Ontario County"
"12943",300,"Keene Valley","Essex County"
"14475",298,"Ionia","Ontario County"
"12042",297,"Climax","Greene County"
"12439",297,"Hensonville","Greene County"
"12927",295,"Cranberry Lake","St. Lawrence County"
"12418",294,"Cornwallville","Greene County"
"12998",294,"Witherbee","Essex County"
"13693",294,"Three Mile Bay","Jefferson County"
"13784",294,"Harford","Cortland County"
"12574",293,"Rhinecliff","Dutchess County"
"12844",293,"Kattskill Bay","Washington County"
"13468",291,"Springfield Center","Otsego County"
"14774",290,"Richburg","Allegany County"
"12139",286,"Piseco","Hamilton County"
"12819",286,"Clemons","Washington County"
"12530",283,"Hollowville","Columbia County"
"13117",279,"Montezuma","Cayuga County"
"13342",275,"Garrattsville","Otsego County"
"13435",275,"Prospect","Oneida County"
"12720",274,"Bethel","Sullivan County"
"12965",272,"Nicholville","St. Lawrence County"
"12471",268,"Rifton","Ulster County"
"13628",268,"Deferiet","Jefferson County"
"12862",266,"Riparius","Warren County"
"12952",265,"Lyon Mountain","Clinton County"
"12424",261,"East Jewett","Greene County"
"12978",256,"Redford","Clinton County"
"12085",255,"Guilderland Center","Albany County"
"14486",255,"Linwood","Livingston County"
"12064",254,"East Worcester","Otsego County"
"13450",252,"Roseboom","Otsego County"
"14881",250,"Slaterville Springs","Tompkins County"
"10975",246,"Southfields","Orange County"
"12124",246,"New Baltimore","Greene County"
"12453",240,"Malden On Hudson","Ulster County"
"12507",238,"Barrytown","Dutchess County"
"13364",232,"Leonardsville","Madison County"
"12435",231,"Greenfield Park","Ulster County"
"12886",231,"Wevertown","Warren County"
"14166",231,"Van Buren Point","Chautauqua County"
"14752",230,"Lily Dale","Chautauqua County"
"13860",228,"West Davenport","Delaware County"
"13103",226,"Mallory","Oswego County"
"12767",225,"Obernburg","Sullivan County"
"12811",225,"Bakers Mills","Warren County"
"13115",225,"Minetto","Oswego County"
"12421",224,"Denver","Delaware County"
"13065",222,"Fayette","Seneca County"
"13441",222,"Rome","Oneida County"
"13494",222,"Woodgate","Oneida County"
"13806",222,"Meridale","Delaware County"
"12450",221,"Lanesville","Greene County"
"12036",220,"Charlotteville","Schoharie County"
"12969",219,"Owls Head","Franklin County"
"12071",217,"Fultonham","Schoharie County"
"13666",216,"Newton Falls","St. Lawrence County"
"13692",216,"Thousand Island Park","Jefferson County"
"12460",215,"Oak Hill","Albany County"
"10535",214,"Jefferson Valley","Westchester County"
"13062",212,"Etna","Tompkins County"
"13418",212,"North Brookfield","Madison County"
"12172",211,"Stottville","Columbia County"
"12975",210,"Port Kent","Essex County"
"13751",209,"Davenport Center","Delaware County"
"12855",207,"North Hudson","Essex County"
"14302",206,"Niagara Falls","Niagara County"
"12416",205,"Chichester","Ulster County"
"10545",203,"Maryknoll","Westchester County"
"12781",202,"Summitville","Sullivan County"
"12808",201,"Adirondack","Warren County"
"13305",201,"Beaver Falls","Lewis County"
"13695",200,"Wanakena","St. Lawrence County"
"12165",198,"Spencertown","Columbia County"
"12742",194,"Harris","Sullivan County"
"14056",194,"East Pembroke","Genesee County"
"12031",191,"Carlisle","Schoharie County"
"13804",190,"Masonville","Delaware County"
"14722",189,"Chautauqua","Chautauqua County"
"12131",188,"North Blenheim","Schoharie County"
"14173",188,"Yorkshire","Cattaraugus County"
"14539",187,"Retsof","Livingston County"
"12195",184,"West Lebanon","Columbia County"
"12512",184,"Chelsea","Dutchess County"
"12492",181,"West Kill","Greene County"
"12770",180,"Pond Eddy","Sullivan County"
"12194",177,"West Fulton","Schoharie County"
"13636",177,"Ellisburg","Jefferson County"
"12976",175,"Rainbow Lake","Franklin County"
"13345",175,"Greig","Lewis County"
"14721",175,"Ceres","Allegany County"
"13696",174,"West Stockholm","St. Lawrence County"
"14413",174,"Alton","Wayne County"
"12973",169,"Piercefield","St. Lawrence County"
"12741",168,"Hankins","Sullivan County"
"12792",167,"Yulan","Sullivan County"
"10279",161,"New York","New York County"
"13087",161,"Little York","Cortland County"
"13301",156,"Alder Creek","Oneida County"
"14585",156,"West Bloomfield","Ontario County"
"12874",155,"Silver Bay","Warren County"
"14708",155,"Alma","Allegany County"
"14874",155,"Pulteney","Steuben County"
"12489",154,"Wawarsing","Ulster County"
"12513",154,"Claverack","Columbia County"
"14736",154,"Findley Lake","Chautauqua County"
"11947",153,"Jamesport","Suffolk County"
"12429",153,"Esopus","Ulster County"
"13314",153,"Brookfield","Madison County"
"12987",152,"Upper Jay","Essex County"
"13647",150,"Hannawa Falls","St. Lawrence County"
"13774",148,"Fishs Eddy","Delaware County"
"12858",146,"Paradox","Essex County"
"12448",142,"Lake Hill","Ulster County"
"12939",141,"Gabriels","Franklin County"
"13488",141,"Westford","Otsego County"
"14135",141,"Sheridan","Chautauqua County"
"13138",139,"Pompey","Onondaga County"
"14515",138,"North Greece","Monroe County"
"13674",137,"Pierrepont Manor","Jefferson County"
"12132",133,"North Chatham","Columbia County"
"12407",132,"Ashland","Greene County"
"13134",132,"Peterboro","Madison County"
"14041",132,"Dayton","Cattaraugus County"
"14785",130,"Stow","Chautauqua County"
"13360",128,"Inlet","Hamilton County"
"14783",128,"Steamburg","Cattaraugus County"
"13404",127,"Martinsburg","Lewis County"
"14415",127,"Bellona","Yates County"
"13651",126,"Henderson Harbor","Jefferson County"
"10519",122,"Croton Falls","Westchester County"
"12736",122,"Fremont Center","Sullivan County"
"14557",121,"South Byron","Genesee County"
"13834",118,"Portlandville","Otsego County"
"14537",117,"Port Gibson","Ontario County"
"10540",114,"Lincolndale","Westchester County"
"14592",113,"York","Livingston County"
"11770",112,"Ocean Beach","Suffolk County"
"14130",112,"Pike","Wyoming County"
"14545",108,"Scottsburg","Livingston County"
"13020",107,"Apulia Station","Onondaga County"
"13436",107,"Raquette Lake","Hamilton County"
"13632",107,"Depauville","Jefferson County"
"12441",105,"Highmount","Delaware County"
"13678",105,"Raymondville","St. Lawrence County"
"14788",104,"Westons Mills","Cattaraugus County"
"12872",103,"Severance","Essex County"
"12820",102,"Cleverdale","Warren County"
"13124",102,"North Pitcher","Chenango County"
"13859",101,"Wells Bridge","Otsego County"
"12854",98,"North Granville","Washington County"
"14479",98,"Knowlesville","Orleans County"
"12787",97,"White Sulphur Springs","Sullivan County"
"12961",97,"Moriah Center","Essex County"
"12964",96,"New Russia","Essex County"
"12115",95,"Malden Bridge","Columbia County"
"12841",95,"Huletts Landing","Washington County"
"14854",95,"Jacksonville","Tompkins County"
"10503",94,"Ardsley On Hudson","Westchester County"
"14061",93,"Farnham","Erie County"
"14707",93,"Allentown","Allegany County"
"13826",91,"Ouaquaga","Broome County"
"14742",90,"Greenhurst","Chautauqua County"
"12495",87,"Willow","Ulster County"
"12024",83,"Brainard","Columbia County"
"13415",82,"New Lisbon","Otsego County"
"14169",80,"Wales Center","Erie County"
"12724",78,"Callicoon Center","Sullivan County"
"14168",77,"Versailles","Cattaraugus County"
"14134",72,"Sardinia","Erie County"
"12483",71,"Spring Glen","Sullivan County"
"14039",70,"Dale","Wyoming County"
"13331",69,"Eagle Bay","Herkimer County"
"12459",68,"New Kingston","Delaware County"
"13683",66,"Rooseveltown","St. Lawrence County"
"13482",63,"West Burlington","Otsego County"
"13675",61,"Plessis","Jefferson County"
"14035",61,"Collins Center","Erie County"
"13643",60,"Great Bend","Jefferson County"
"12915",58,"Brainardsville","Franklin County"
"13333",57,"East Springfield","Otsego County"
"13641",54,"Fishers Landing","Jefferson County"
"14112",54,"North Evans","Erie County"
"6390",53,"Fishers Island","Suffolk County"
"13102",52,"McLean","Tompkins County"
"13113",52,"Meridian","Cayuga County"
"13623",51,"Chippewa Bay","St. Lawrence County"
"12438",48,"Halcottsville","Delaware County"
"14529",48,"Perkinsville","Steuben County"
"13455",46,"Sangerfield","Oneida County"
"13738",44,"Blodgett Mills","Cortland County"
"10932",43,"Howells","Orange County"
"10985",42,"Thompson Ridge","Orange County"
"13353",41,"Hoffmeister","Hamilton County"
"11973",39,"Upton","Suffolk County"
"13475",39,"Van Hornesville","Herkimer County"
"12922",37,"Childwold","St. Lawrence County"
"13051",37,"Delphi Falls","Onondaga County"
"13649",37,"Helena","St. Lawrence County"
"12750",36,"Kenoza Lake","Sullivan County"
"12161",35,"South Bethlehem","Albany County"
"13154",34,"South Butler","Wayne County"
"14027",34,"Brant","Erie County"
"14893",34,"Wayne","Steuben County"
"12544",33,"Mellenville","Columbia County"
"13123",32,"North Bay","Oneida County"
"13457",32,"Schuyler Lake","Otsego County"
"14029",31,"Centerville","Allegany County"
"13352",29,"Hinckley","Oneida County"
"13484",29,"West Eaton","Madison County"
"13747",29,"Colliersville","Otsego County"
"12040",28,"Cherry Plain","Rensselaer County"
"12452",27,"Lexington","Greene County"
"12933",27,"Ellenburg","Clinton County"
"13639",24,"Fine","St. Lawrence County"
"13814",18,"North Norwich","Chenango County"
"14732",18,"Ellington","Chautauqua County"
"13847",17,"Trout Creek","Delaware County"
"12527",16,"Glenham","Dutchess County"
"14827",16,"Coopers Plains","Steuben County"
"10911",12,"Bear Mountain","Rockland County"
"14083",10,"Java Village","Wyoming County"
"12864",9,"Sabael","Hamilton County"
"12745",5,"Hortonville","Sullivan County"
"12082",2,"Grafton","Rensselaer County"